"排名","代號","名稱","市場","股價日期","成交","漲跌價","漲跌幅","面值(元)","股本(億)","發行量(萬張)","市值(億)","成立年數","上市年數","股票期貨","選擇權","權證","公司債","私募股","特別股","產業別","董事長","總經理"
"1",="2330","台積電","市","03/08","598","-3","-0.5","10","2,593","2,593","155,064","34","26.5","有","有","有","有","","","半導體業","劉德音","總裁: 魏哲家"
"2",="2317","鴻海","市","03/08","113.5","-1.5","-1.3","10","1,386","1,386","15,734","47","29.7","有","有","有","有","","","其他電子業","劉揚偉","劉揚偉"
"3",="2454","聯發科","市","03/08","867","-16","-1.81","10","159","159","13,787","23.8","19.6","有","有","有","","","","半導體業","蔡明介","陳冠州"
"4",="6505","台塑化","市","03/08","102.5","+3.5","+3.54","10","953","953","9,764","28.9","17.2","","","有","","","","油電燃氣業","陳郎","曹明"
"5",="2412","中華電","市","03/08","110","0","0","10","776","776","8,533","24.7","20.4","有","有","","","","","通信網路業","謝繼茂","郭水義"
"6",="2308","台達電","市","03/08","270.5","-4.5","-1.64","10","260","260","7,026","45.6","32.2","有","","有","有","","","電子零組件業","海英俊","張訓海"
"7",="1301","台塑","市","03/08","101.5","0","0","10","637","637","6,461","66.3","56.6","有","有","有","","","","塑膠工業","林健男","林健男"
"8",="1303","南亞","市","03/08","73.5","+0.6","+0.82","10","793","793","5,829","62.5","53.3","有","有","有","","","","塑膠工業","吳嘉昭","鄒明仁"
"9",="2303","聯電","市","03/08","46.1","-0.95","-2.02","10","1,242","1,242","5,727","40.8","35.6","有","有","有","有","","","半導體業","洪嘉聰","簡山傑、王石"
"10",="2882","國泰金","市","03/08","42.9","+0.35","+0.82","10","1,470","1,317","5,650","19.2","19.2","有","有","有","","","有","金控業","蔡宏圖","李長庚"
"11",="2881","富邦金","市","03/08","52.1","+1.3","+2.56","10","1,150","1,023","5,332","19.2","19.2","有","有","有","有","","有","金控業","蔡明興","韓蔚廷"
"12",="1326","台化","市","03/08","88","+0.6","+0.69","10","586","586","5,158","56","36.2","有","有","有","有","","","塑膠工業","王文淵","呂文進"
"13",="3008","大立光","市","03/08","3425","+65","+1.93","10","13.4","13.4","4,594","33.9","19","有","有","有","","","","光電業","林恩舟","林恩平"
"14",="3711","日月光投控","市","03/08","102.5","+0.5","+0.49","10","435","434","4,447","2.9","2.9","有","有","有","有","","","半導體業","張虔生","張洪本"
"15",="2886","兆豐金","市","03/08","29.9","+0.2","+0.67","10","1,360","1,360","4,066","19.1","19.1","有","有","有","有","","","金控業","張兆順","胡光華"
"16",="2891","中信金","市","03/08","20.6","+0.3","+1.48","10","2,000","1,950","4,016","18.8","18.8","有","有","有","有","","有","金控業","顏文隆","吳一揆"
"17",="2002","中鋼","市","03/08","25.1","+0.15","+0.6","10","1,577","1,573","3,949","49.3","46.2","有","有","有","有","","有","鋼鐵工業","翁朝棟","王錫欽"
"18",="1216","統一","市","03/08","68.8","+0.4","+0.58","10","568","568","3,909","53.5","33.2","有","有","有","有","","","食品工業","羅智先","黃釗凱、李清田"
"19",="3045","台灣大","市","03/08","97.6","-0.2","-0.2","10","351","351","3,425","24","20.5","有","","有","有","","","通信網路業","蔡明忠","林之晨"
"20",="2382","廣達","市","03/08","85","-0.5","-0.58","10","386","386","3,283","32.8","22.2","有","有","","","","","電腦及週邊設備業","林百里","梁次震"
"21",="2207","和泰車","市","03/08","587","-9","-1.51","10","54.6","54.6","3,206","65.9","24","","","","","","","汽車工業","黃南光","蘇純興"
"22",="2884","玉山金","市","03/08","25.15","+0.1","+0.4","10","1,257","1,257","3,161","19.1","19.1","有","有","有","有","","","金控業","黃永仁","陳美滿"
"23",="6488","環球晶","櫃","03/08","705","-11","-1.54","10","43.7","43.7","3,083","9.4","5.5","有","","有","","","","半導體業","徐秀蘭","Mark England"
"24",="3034","聯詠","市","03/08","481","+11.5","+2.45","10","60.9","60.9","2,927","23.8","19.9","有","","有","","","","半導體業","何泰舜","王守仁"
"25",="2912","統一超","市","03/08","273","+2.5","+0.92","10","104","104","2,838","33.7","23.5","","","","","","","貿易百貨業","羅智先","黃瑞典"
"26",="2395","研華","市","03/08","362.5","-3","-0.82","10","77.2","77.1","2,796","39.5","21.2","","","","","","","電腦及週邊設備業","劉克振","陳清熙、蔡淑妍、張家豪"
"27",="2408","南亞科","市","03/08","88.6","-1.1","-1.23","10","309","307","2,724","26","20.6","有","","有","","","","半導體業","吳嘉昭","李培瑛"
"28",="2327","國巨","市","03/08","547","-17","-3.01","10","49.7","49.4","2,700","33.5","27.4","有","","有","","","","電子零組件業","陳泰銘","王淡如"
"29",="2892","第一金","市","03/08","21.1","0","0","10","1,284","1,284","2,708","18.2","18.2","有","有","有","有","","","金控業","邱月琴","林謙浩"
"30",="5880","合庫金","市","03/08","20.1","-0.05","-0.25","10","1,333","1,333","2,680","9.3","9.3","有","有","有","","","","金控業","雷仲達","陳美足"
"31",="2885","元大金","市","03/08","21.15","-0.05","-0.24","10","1,214","1,214","2,567","19.1","19.1","有","有","有","有","","","金控業","申鼎籛","翁健"
"32",="1101","台泥","市","03/08","42.65","+0.15","+0.35","10","601","581","2,478","70.2","59.1","有","有","有","有","","有","水泥工業","張安平","李鐘培"
"33",="5871","中租-KY","市","03/08","170.5","+0.5","+0.29","10","153","138","2,355","11.2","9.2","有","","有","","","有","其他業","陳鳳龍","陳鳳龍"
"34",="2357","華碩","市","03/08","315.5","+4.5","+1.45","10","74.3","74.3","2,343","30.9","24.3","有","有","有","有","","","電腦及週邊設備業","施崇棠","許先越/胡書賓"
"35",="2880","華南金","市","03/08","18","-0.05","-0.28","10","1,285","1,285","2,314","19.2","19.2","有","有","","有","","","金控業","張雲鵬","羅寶珠"
"36",="2379","瑞昱","市","03/08","444","-14.5","-3.16","10","51.1","51.1","2,267","33.4","22.4","有","","有","","","","半導體業","葉南宏","邱順建"
"37",="6415","矽力-KY","市","03/08","2410","-110","-4.37","10","9.29","9.31","2,243","13.1","7.2","","","有","","","","半導體業","陳偉","游步東及Michael Grimm"
"38",="4904","遠傳","市","03/08","62.1","-0.5","-0.8","10","326","326","2,024","23.9","19.2","有","","","有","","","通信網路業","徐旭東","井琪"
"39",="2603","長榮","市","03/08","37.35","+0.05","+0.13","10","522","522","1,950","52.5","33.5","有","有","有","有","","","航運業","張衍義","謝惠全"
"40",="4938","和碩","市","03/08","73.2","-0.3","-0.41","10","266","266","1,949","13.7","10.7","有","","有","有","","","電腦及週邊設備業","童子賢","廖賜政"
"41",="8046","南電","市","03/08","279.5","-15.5","-5.25","10","64.6","64.6","1,806","23.4","14.9","有","","有","","","","電子零組件業","吳嘉昭","湯安得"
"42",="1590","亞德客-KY","市","03/08","950","+6","+0.64","10","18.9","18.9","1,796","11.5","10.2","有","","有","","","","電機機械","王世忠","王世忠"
"43",="2801","彰銀","市","03/08","17.1","0","0","10","1,038","1,038","1,776","70.7","59.1","有","有","有","","","","銀行業","凌忠嫄","黃瑞沐"
"44",="5876","上海商銀","市","03/08","39.6","+0.2","+0.51","10","448","448","1,775","66.5","2.4","","","有","有","","","銀行業","榮鴻慶","林志宏"
"45",="2409","友達","市","03/08","18.2","-0.3","-1.62","10","962","962","1,752","24.6","20.5","有","有","有","","","","光電業","彭又又浪","柯富仁"
"46",="2633","台灣高鐵","市","03/08","30.55","-0.05","-0.16","10","563","563","1,719","22.8","4.4","有","","有","","有","","航運業","江耀宗","鄭光遠"
"47",="5347","世界","櫃","03/08","103.5","-2.5","-2.36","10","164","164","1,696","26.3","23","有","","有","","","","半導體業","方略","方略"
"48",="9910","豐泰","市","03/08","191","-1.5","-0.78","10","88.2","88.2","1,684","49.6","29.1","","","","","","","其他業","王建弘","陳昭吉"
"49",="3481","群創","市","03/08","16.6","+0.05","+0.3","10","971","971","1,612","18.1","14.4","有","有","有","","","","光電業","洪進揚","楊柱祥"
"50",="3105","穩懋","櫃","03/08","380","+9","+2.43","10","42.4","42.4","1,611","21.4","9.2","有","","有","","有","","半導體業","陳進財","陳國樺"
"51",="1402","遠東新","市","03/08","29.3","-0.05","-0.17","10","535","535","1,568","67.2","53.9","有","有","有","有","","","紡織纖維","徐旭東","吳高山,曾裕賢,鄭澄宇"
"52",="6669","緯穎","市","03/08","837","+5","+0.6","10","17.5","17.5","1,463","9","2","有","","有","","","","電腦及週邊設備業","林憲銘","洪麗(宓冉)"
"53",="2474","可成","市","03/08","192","-1.5","-0.78","10","76.2","76.2","1,462","36.3","19.5","有","有","有","","","","其他電子業","洪水樹","洪天賜"
"54",="1102","亞泥","市","03/08","43.45","+0.3","+0.7","10","336","336","1,461","64","58.8","有","","有","有","","","水泥工業","徐旭東","李坤炎"
"55",="2345","智邦","市","03/08","259.5","+3.5","+1.37","10","55.9","55.9","1,449","33.1","25.3","有","","有","有","","","通信網路業","郭飛龍","馬思睿"
"56",="2049","上銀","市","03/08","432","+16","+3.85","10","33.1","33.1","1,429","31.4","11.7","有","","有","","","","電機機械","卓文恒","蔡惠卿"
"57",="2887","台新金","市","03/08","13","-0.05","-0.38","10","1,171","1,091","1,418","19.1","19.1","有","有","有","有","","有","金控業","吳東亮","林維俊"
"58",="2883","開發金","市","03/08","9.46","+0.02","+0.21","10","1,497","1,497","1,416","19.2","19.2","有","","有","有","","","金控業","張家祝","Stefano Paolo Bertamini"
"59",="2105","正新","市","03/08","43.45","+0.5","+1.16","10","324","324","1,408","51.2","33.3","有","","有","有","","","橡膠工業","陳榮華","陳榮華"
"60",="2301","光寶科","市","03/08","58.5","+0.1","+0.17","10","235","235","1,375","32","25.3","有","","有","","","","電腦及週邊設備業","宋明峰","邱森彬"
"61",="3037","欣興","市","03/08","90.2","-1","-1.1","10","150","150","1,357","31.1","22.2","有","","有","","","","電子零組件業","曾子章","李嘉彬、郭政輝"
"62",="2890","永豐金","市","03/08","11.8","+0.05","+0.43","10","1,128","1,128","1,331","18.8","18.8","有","有","有","有","","有","金控業","陳思寬","朱士廷"
"63",="2377","微星","市","03/08","148","+2.5","+1.72","10","84.5","84.5","1,250","34.6","22.4","有","有","有","","","","電腦及週邊設備業","徐祥","黃金請"
"64",="8454","富邦媒","市","03/08","868","-10","-1.14","10","14","14","1,216","16.4","6.2","","","","","","","貿易百貨業","林啟峰","谷元宏"
"65",="1476","儒鴻","市","03/08","435.5","+5","+1.16","10","27.4","27.4","1,195","43.3","19.9","有","","有","","","","紡織纖維","洪鎮海","蔡俊嶔/陳坤鎕"
"66",="8464","億豐","市","03/08","402","-8","-1.95","10","29.3","29.3","1,178","13.6","5.2","","","有","","","","其他業","粘耿豪","粘耿豪"
"67",="5269","祥碩","市","03/08","1690","+15","+0.9","10","6.92","6.92","1,170","17","8.2","有","","有","","","","半導體業","沈振來","林哲偉"
"68",="2492","華新科","市","03/08","240.5","-8.5","-3.41","10","48.6","48.6","1,168","50.6","23.3","有","","有","","","","電子零組件業","焦佑衡","張瑞宗"
"69",="4958","臻鼎-KY","市","03/08","119","-0.5","-0.42","10","94.7","94.7","1,127","14.8","9.2","有","","有","有","","","電子零組件業","沈慶芳","李定轉"
"70",="2823","中壽","市","03/08","23","0","0","10","473","473","1,088","57.9","26.1","有","","有","","","","保險業","黃淑芬","黃淑芬"
"71",="2888","新光金","市","03/08","8.34","+0.08","+0.97","10","1,310","1,302","1,086","19","19","有","","有","有","","有","金控業","許澎","吳欣儒"
"72",="2344","華邦電","市","03/08","27.1","-0.3","-1.09","10","398","398","1,079","33.4","25.4","有","","有","","","","半導體業","焦佑鈞","陳沛銘"
"73",="9921","巨大","市","03/08","281.5","0","0","10","37.5","37.5","1,056","48.4","26.2","","","有","","","","其他業","杜(糸秀)珍","劉湧昌"
"74",="2615","萬海","市","03/08","45.4","-0.45","-0.98","10","222","222","1,007","56","24.8","","","有","有","","","航運業","久福花園股份有限公司","謝福隆"
"75",="2324","仁寶","市","03/08","22.4","0","0","10","441","441","987","36.8","29.1","有","有","有","","","","電腦及週邊設備業","許勝雄","翁宗斌"
"76",="2354","鴻準","市","03/08","69","-1","-1.43","10","141","141","976","30.9","24.4","有","","","","","","其他電子業","李光曜","李翰明"
"77",="6409","旭隼","市","03/08","1110","-20","-1.77","10","8.74","8.74","971","12.9","6.9","","","","","","","其他電子業","謝卓明","謝卓明"
"78",="4966","譜瑞-KY","櫃","03/08","1195","+10","+0.84","10","8.08","8.08","966","15.3","9.5","","","有","","","","半導體業","趙捷","曲明"
"79",="4743","合一","櫃","03/08","250","-15","-5.66","10","37.7","37.7","943","12.8","9.5","","","有","","","","生技醫療業","黃山內","黃山內"
"80",="5483","中美晶","櫃","03/08","157.5","-2.5","-1.56","10","58.6","58.6","923","40.1","20","有","","有","","","","半導體業","徐秀蘭","姚宕梁"
"81",="2356","英業達","市","03/08","25.7","+0.5","+1.98","10","359","359","922","45.7","24.3","有","","有","","","","電腦及週邊設備業","卓桐華","巫永財"
"82",="3231","緯創","市","03/08","31.8","+0.15","+0.47","10","284","284","903","19.8","17.6","有","有","有","有","","","電腦及週邊設備業","林憲銘","林建勳/沈慶堯"
"83",="9904","寶成","市","03/08","30.5","0","0","10","295","295","899","51.5","31.1","有","","有","","","","其他業","詹陸銘","盧金柱"
"84",="8299","群聯","櫃","03/08","454","+6","+1.34","10","19.7","19.7","895","20.3","16.3","有","","有","","","","半導體業","潘健成","歐陽志光"
"85",="2609","陽明","市","03/08","26.8","+0.75","+2.88","10","317","260","697","48.2","28.9","","","","有","有","","航運業","鄭貞茂","杜書勤"
"86",="9914","美利達","市","03/08","282","+3","+1.08","10","29.9","29.9","843","48.4","28.4","有","","有","","","","其他業","曾崧柱","曾崧柱"
"87",="2353","宏碁","市","03/08","27.05","+0.65","+2.46","10","305","305","824","44.6","24.5","有","有","有","","","","電腦及週邊設備業","陳俊聖","陳俊聖"
"88",="2360","致茂","市","03/08","194.5","-1.5","-0.77","10","42.1","42.1","819","36.3","24.2","有","","有","","","","其他電子業","黃欽明","黃欽明"
"89",="2347","聯強","市","03/08","48.7","-0.05","-0.1","10","167","167","812","32.5","25.2","有","","有","","","","電子通路業","苗豐強","杜書伍"
"90",="6239","力成","市","03/08","100","+0.7","+0.7","10","77.9","77.9","779","23.8","17.9","有","","有","","","","半導體業","蔡篤恭","呂肇祥"
"91",="2227","裕日車","市","03/08","258.5","+1","+0.39","10","30","30","776","17.4","16.2","","","","","","","汽車工業","嚴陳莉蓮","李振成"
"92",="3702","大聯大","市","03/08","44.9","-0.35","-0.77","10","188","168","754","15.3","15.3","有","","有","","","有","電子通路業","黃偉祥","張蓉崗"
"93",="2337","旺宏","市","03/08","40.15","-0.2","-0.5","10","186","186","745","31.2","26","有","","有","","有","","半導體業","吳敏求","盧志遠"
"94",="2610","華航","市","03/08","13.5","-0.15","-1.1","10","542","542","732","61.5","28","","","","有","","","航運業","謝世謙","謝世謙"
"95",="3044","健鼎","市","03/08","137.5","-2.5","-1.79","10","52.6","52.6","723","29.2","20.3","有","","有","","","","電子零組件業","王景春","王景春"
"96",="2834","臺企銀","市","03/08","9.52","-0.03","-0.31","10","749","749","713","70.5","23.2","有","","有","","有","","銀行業","黃博怡","張志堅"
"97",="2618","長榮航","市","03/08","14.65","-0.15","-1.01","10","485","485","711","31.9","21.4","有","","有","有","","","航運業","林寶水","孫嘉明"
"98",="2385","群光","市","03/08","93.9","-0.4","-0.42","10","73.9","73.9","694","38","22.2","","","有","","","","電子零組件業","許崑泰","呂進宗"
"99",="2371","大同","市","03/08","28.15","-0.3","-1.05","10","234","234","659","70.9","59.1","有","有","","有","","","電機機械","盧明光","鍾依文"
"100",="1504","東元","市","03/08","30.7","+0.15","+0.49","10","214","214","657","64.7","47.3","有","","有","有","","","電機機械","邱純枝","連昭志"
"101",="6121","新普","櫃","03/08","353","-1","-0.28","10","18.5","18.5","653","28.9","19.3","有","","有","","","","電腦及週邊設備業","宋福祥","宋福祥"
"102",="9945","潤泰新","市","03/08","42.75","+0.6","+1.42","10","150","150","643","43.5","28.9","有","","有","","","","其他業","簡滄圳","李志宏"
"103",="1605","華新","市","03/08","18.25","0","0","10","343","343","626","54.3","48.3","有","有","有","","","","電器電纜","焦佑倫","潘文虎"
"104",="5274","信驊","櫃","03/08","1795","-5","-0.28","10","3.43","3.43","616","16.3","7.9","有","","有","","","","半導體業","林鴻明","林鴻明"
"105",="3023","信邦","市","03/08","263","-1.5","-0.57","10","23.3","23.3","612","31.3","19.8","","","有","","","","電子零組件業","王紹新","梁偉銘"
"106",="2923","鼎固-KY","市","03/08","34.9","-0.3","-0.85","10","174","174","607","13.3","8.3","","","","","","","建材營造業","張洪本","張能耀"
"107",="3529","力旺","櫃","03/08","789","-12","-1.5","10","7.61","7.61","600","20.5","10.1","有","","有","","","","半導體業","徐清祥","沈士傑"
"108",="5904","寶雅","櫃","03/08","605","-9","-1.47","10","9.77","9.77","591","24","18.5","","","有","","","","貿易百貨業","陳建造","陳宗成"
"109",="2542","興富發","市","03/08","45.25","+0.3","+0.67","10","128","128","581","41.1","21.9","有","","有","","","","建材營造業","鄭志隆","范華軍"
"110",="5903","全家","櫃","03/08","260","+0.5","+0.19","10","22.3","22.3","580","32.6","19","","","","","","","貿易百貨業","葉榮廷","薛東都"
"111",="3661","世芯-KY","市","03/08","830","0","0","10","6.99","6.97","578","18","6.4","","","有","","","","半導體業","關建英","沈翔霖"
"112",="1802","台玻","市","03/08","19.8","+0.25","+1.28","10","291","291","576","56.5","47.6","","","有","","","","玻璃陶瓷","林伯豐","林伯實"
"113",="3714","富采","市","03/08","83.1","-2.9","-3.37","10","68.6","68.6","570","0.2","0.2","有","有","","","","","光電業","李秉傑","李秉傑"
"114",="2352","佳世達","市","03/08","28.7","-0.75","-2.55","10","197","197","564","36.9","24.6","有","","有","","","","電腦及週邊設備業","陳其宏","陳其宏"
"115",="8069","元太","櫃","03/08","49.2","+0.2","+0.41","10","114","114","561","28.7","16.9","有","","有","","有","","光電業","李政昊","甘豐源"
"116",="1229","聯華","市","03/08","43.6","+0.5","+1.16","10","128","128","559","65.6","44.6","","","有","","","","食品工業","苗豐強","林信宏"
"117",="3532","台勝科","市","03/08","143.5","+2.5","+1.77","10","38.8","38.8","557","25.3","13.2","有","","有","","","","半導體業","林健男","田中惠一"
"118",="2376","技嘉","市","03/08","87.4","+2","+2.34","10","63.6","63.6","556","34.9","22.5","有","","有","","","","電腦及週邊設備業","葉培城","李宜泰"
"119",="6176","瑞儀","市","03/08","119","-0.5","-0.42","10","46.5","46.5","553","25.6","18.9","有","","有","","","","光電業","王本然","王本然(總執行長)"
"120",="2383","台光電","市","03/08","166","-1.5","-0.9","10","33.3","33.3","553","29","24.2","有","","有","有","","","電子零組件業","董定宇","董定宇"
"121",="3406","玉晶光","市","03/08","480.5","-2.5","-0.52","10","11.2","11.1","535","31.1","15.2","有","","有","","","","光電業","陳天慶","郭英理"
"122",="3443","創意","市","03/08","395","-10","-2.47","10","13.4","13.4","529","23.1","14.3","有","","有","","","","半導體業","曾繁城","陳超乾"
"123",="3293","鈊象","櫃","03/08","748","0","0","10","7.05","7.05","527","31.3","14.7","有","","有","","","","文化創意業","李柯柱","江順成"
"124",="3533","嘉澤","市","03/08","507","+8","+1.6","10","10.3","10.3","525","34.5","13.2","有","","有","","","","電子零組件業","朱德祥","何德佑"
"125",="2458","義隆","市","03/08","172","-0.5","-0.29","10","30.4","30.4","523","26.8","19.5","有","","有","","","","半導體業","葉儀皓","葉儀皓"
"126",="1722","台肥","市","03/08","53.2","+0.1","+0.19","10","98","98","521","74.9","23","有","","有","","","","化學工業","黃耀興","黃耀興"
"127",="1227","佳格","市","03/08","56.9","+0.9","+1.61","10","91.5","91.5","521","34.8","26.9","","","","","","","食品工業","曹德風","曹博睿"
"128",="1434","福懋","市","03/08","30.45","-0.05","-0.16","10","168","168","513","47.9","35.2","","","","","","","紡織纖維","王文淵","李敏章"
"129",="2313","華通","市","03/08","42.4","-0.5","-1.17","10","119","119","505","47.5","30.6","有","","有","","","","電子零組件業","吳 健","江培琨"
"130",="2027","大成鋼","市","03/08","29.55","-0.65","-2.15","10","166","166","490","34.3","24.4","有","","有","","","","鋼鐵工業","謝麗雲","謝榮坤"
"131",="6531","愛普","市","03/08","654","+1","+0.15","10","7.42","7.39","484","9.6","4.8","","","有","","","","半導體業","陳文良","陳文良"
"132",="6147","頎邦","櫃","03/08","72.2","-0.5","-0.69","10","67.2","67.2","485","23.7","19.1","有","","有","","","","半導體業","吳非艱","高火文"
"133",="1907","永豐餘","市","03/08","28.55","+0.25","+0.88","10","166","166","474","71","44","","","有","","","","造紙工業","何奕達","蔡維力"
"134",="5820","日盛金","櫃","03/08","12.5","0","0","10","377","377","472","19.1","19.1","","","","","","","金控業","黃錦瑭","王芝芳"
"135",="2449","京元電子","市","03/08","38.3","-0.05","-0.13","10","122","122","468","33.8","19.8","有","","有","","","","半導體業","李金恭","劉安炫"
"136",="1788","杏昌","櫃","03/08","124","0","0","10","3.76","3.76","46.7","32.1","11.6","","","","有","","","生技醫療業","李忠良","陳國師"
"137",="2812","台中銀","市","03/08","11.2","0","0","10","415","415","465","67.5","36.8","","","有","","","","銀行業","王貴鋒","賈德威"
"138",="6213","聯茂","市","03/08","136.5","-3","-2.15","10","33.3","33.3","454","23.9","18.2","有","","有","有","","","電子零組件業","陳進財","蔡馨(日彗)"
"139",="1477","聚陽","市","03/08","206","+1","+0.49","10","22","22","453","31.2","18.1","有","","有","","","","紡織纖維","周理平","周理平"
"140",="3374","精材","櫃","03/08","166.5","-3.5","-2.06","10","27.1","27.1","452","22.5","5.9","","","有","","","","半導體業","陳家湘","陳家湘"
"141",="2404","漢唐","市","03/08","233.5","+0.5","+0.21","10","19.1","19.1","445","38.5","23.1","有","","有","有","","","其他電子業","陳朝水","陳柏辰"
"142",="6269","台郡","市","03/08","122.5","-1.5","-1.21","10","36.1","36.1","443","23.2","17.5","有","","有","有","","","電子零組件業","鄭明智","鄭明智"
"143",="1210","大成","市","03/08","53","+2","+3.92","10","82.7","82.7","438","60.2","42.8","有","","有","","","","食品工業","韓家宇","莊坤炎"
"144",="2915","潤泰全","市","03/08","77.3","+1.4","+1.84","10","56.5","56.5","437","45.1","43.6","有","有","有","","","","貿易百貨業","王綺帆","徐志漳"
"145",="2809","京城銀","市","03/08","38.8","0","0","10","112","112","435","69.7","37.6","","","有","","","","銀行業","戴誠志","張日政"
"146",="1717","長興","市","03/08","34.9","-0.05","-0.14","10","124","124","433","56.3","26.9","","","有","有","","","化學工業","高國倫","毛惠寬"
"147",="2201","裕隆","市","03/08","42.1","+0.6","+1.45","10","100","100","421","67.5","44.7","有","","有","有","","","汽車工業","嚴陳莉蓮","姚振祥"
"148",="3189","景碩","市","03/08","92.2","+1.1","+1.21","10","45.1","45.1","416","20.5","16.4","有","","有","","","","半導體業","郭明棟","陳河旭"
"149",="5522","遠雄","市","03/08","52.9","-0.2","-0.38","10","78.2","78.2","413","42.6","21.2","","","","有","","","建材營造業","趙文嘉","湯佳峰"
"150",="6592","和潤企業","市","03/08","80.2","+0.1","+0.12","10","51.5","51.5","413","21.8","1.2","","","有","有","","","其他業","田天明","林彥良"
"151",="2015","豐興","市","03/08","70.1","-0.1","-0.14","10","58.2","58.2","408","52.2","28.8","","","","","","","鋼鐵工業","林明儒","林大鈞"
"152",="2889","國票金","市","03/08","13.9","0","0","10","290","290","403","19","19","","","有","","","","金控業","魏啟林","丁予嘉"
"153",="6547","高端疫苗","櫃","03/08","188","-15.5","-7.62","10","21.1","21.2","398","8.4","2.9","","","","","","","生技醫療業","張世忠","陳燦堅"
"154",="9917","中保科","市","03/08","87.3","-0.3","-0.34","10","45.1","45.1","394","43.3","27.2","","","","","","","其他業","林孝信","小野寺博史"
"155",="2006","東和鋼鐵","市","03/08","38.7","+0.5","+1.31","10","102","100","389","58.8","32.7","","","有","有","","","鋼鐵工業","侯傑騰","侯傑騰"
"156",="6456","GIS-KY","市","03/08","114.5","-2","-1.72","10","33.9","33.9","389","10.2","5.7","","","有","","","","光電業","周賢穎","周賢穎"
"157",="2441","超豐","市","03/08","66.4","-1","-1.48","10","56.9","56.9","378","38","20.4","","","","","","","半導體業","蔡篤恭","甯鑑超"
"158",="6116","彩晶","市","03/08","12.2","-0.05","-0.41","10","303","303","369","22.7","19.6","有","","有","","","","光電業","焦佑麒","焦佑麒"
"159",="1314","中石化","市","03/08","11.2","+0.3","+2.75","10","328","328","368","51.7","29.7","有","","有","","","","塑膠工業","陳瑞隆","余建松"
"160",="3682","亞太電","市","03/08","9.63","-0.09","-0.93","10","382","382","368","20.8","7.6","","","","","有","","通信網路業","呂芳銘","黃南仁"
"161",="9941","裕融","市","03/08","110.5","+3.5","+3.27","10","43.2","33.2","367","30.9","21.2","","","","有","","有","其他業","嚴陳莉蓮","許國興"
"162",="3653","健策","市","03/08","299.5","-15","-4.77","10","12.2","12.2","366","33.9","11.3","有","","有","","","","電子零組件業","趙宗信","趙永昌"
"163",="3152","璟德","櫃","03/08","530","-12","-2.21","10","6.9","6.9","366","22.9","13","有","","有","","","","通信網路業","雙德投資股份有限公司-代表人郭建文","郭建文"
"164",="3706","神達","市","03/08","30.3","0","0","10","121","121","366","7.5","7.5","有","","有","","","","電腦及週邊設備業","苗豐強","何繼武"
"165",="2845","遠東銀","市","03/08","10.6","-0.05","-0.47","10","345","345","365","29.2","22.3","","","","","","","銀行業","侯金英","周添財"
"166",="3576","聯合再生","市","03/08","13.7","-0.1","-0.72","10","267","267","365","15.5","12.2","","","","","有","","光電業","洪傳獻","潘文輝(執行長)"
"167",="3665","貿聯-KY","市","03/08","274","-6","-2.14","10","13.3","13.1","358","20.8","9.9","","","有","有","","","其他電子業","梁華哲","鄧劍華"
"168",="6732","昇佳電子","櫃","03/08","735","0","0","10","4.89","4.89","360","11.3","0.8","","","有","","","","半導體業","李盛樞","楊祝原"
"169",="3005","神基","市","03/08","60.6","+1.7","+2.89","10","58.9","58.4","354","31.4","19","","","有","","","","電腦及週邊設備業","黃明漢","黃明漢"
"170",="2101","南港","市","03/08","42.75","+0.3","+0.71","10","83.4","83.4","357","62","57.4","","","有","有","","","橡膠工業","張昌平","詹彩雲"
"171",="1904","正隆","市","03/08","32.1","+0.3","+0.94","10","111","111","356","62.1","49.5","","","有","","","","造紙工業","鄭舒云","蔡東和"
"172",="6271","同欣電","市","03/08","198","-3","-1.49","10","17.9","17.9","354","46.6","13.3","有","","有","","","","半導體業","陳泰銘","呂紹萍"
"173",="3036","文曄","市","03/08","44.7","+0.3","+0.68","10","92.6","79.1","354","27.2","20.4","有","","","有","","有","電子通路業","鄭文宗","鄭文宗"
"174",="4968","立積","市","03/08","551","-16","-2.82","10","6.32","6.21","342","17.2","5.3","","","有","","","","半導體業","馬代駿","王是琦"
"175",="2108","南帝","市","03/08","68.6","-1.4","-2","10","49.2","49.2","338","42.2","28.4","","","有","","","","橡膠工業","楊東源","許建祝"
"176",="2838","聯邦銀","市","03/08","10.75","0","0","10","329","309","333","29.2","22.7","","","","","","有","銀行業","李憲章","林鴻聯"
"177",="2106","建大","市","03/08","36.55","+0.85","+2.38","10","90.9","90.9","332","58.9","30.2","","","","","","","橡膠工業","楊啟仁","陳昭榮"
"178",="2903","遠百","市","03/08","22.9","0","0","10","142","142","324","53.5","42.4","","","","","","","貿易百貨業","徐旭東","徐雪芳"
"179",="1909","榮成","市","03/08","25.25","+0.15","+0.6","10","128","128","323","43","35.3","有","","有","","","","造紙工業","鄭瑛彬","鄭瑛彬"
"180",="2368","金像電","市","03/08","58.5","+1.1","+1.92","10","54.6","54.6","320","39.5","23","","","有","","","","電子零組件業","楊承澤","楊承澤"
"181",="6278","台表科","市","03/08","109","-4.5","-3.96","10","29.2","29.2","319","31","17","有","","有","","","","光電業","伍開雲","伍開雲"
"182",="4961","天鈺","市","03/08","188","-20.5","-9.83","10","16.7","16.7","313","25.7","2.4","","","","","","","半導體業","林永杰","邱淑慧"
"183",="4123","晟德","櫃","03/08","68","-1.6","-2.3","10","45.9","45.9","312","61.3","17.4","有","","有","","有","","生技醫療業","林榮錦","許瑞寶"
"184",="6005","群益證","市","03/08","14.2","+0.1","+0.71","10","217","217","308","32.7","25.5","","","","","","","證券業","王濬智","賈中道"
"185",="6670","復盛應用","市","03/08","234.5","0","0","10","13.1","13.1","307","10.5","2.2","","","有","","","","其他業","李亮箴","江慶生"
"186",="6412","群電","市","03/08","78.5","-0.9","-1.13","10","38.9","38.9","305","12.2","7.3","","","","","","","電子零組件業","呂進宗","曾國華"
"187",="1536","和大","市","03/08","109","-4","-3.54","10","28","28","305","48.1","20.9","有","","有","","","","汽車工業","沈國榮","陳俊智"
"188",="8086","宏捷科","櫃","03/08","152.5","-4","-2.56","10","20","20","305","22.2","11.8","有","","有","","有","","半導體業","祁幼銘","黃國鈞"
"189",="6446","藥華藥","櫃","03/08","115.5","-6.5","-5.33","10","26.3","26.3","304","20.8","4.6","","","","","有","","生技醫療業","詹青柳","黃正谷"
"190",="2059","川湖","市","03/08","318","+2.5","+0.79","10","9.53","9.53","303","34.5","15.9","有","","有","","","","電子零組件業","林聰吉","林淑珍"
"191",="2606","裕民","市","03/08","35.5","-0.5","-1.39","10","84.5","84.5","300","52.5","30.3","有","","有","有","","","航運業","徐旭東","王書吉"
"192",="2504","國產","市","03/08","25.35","+0.15","+0.6","10","118","118","299","66.3","43","","","有","","","","建材營造業","徐蘭英","徐蘭英"
"193",="6285","啟碁","市","03/08","75.1","+0.3","+0.4","10","39.8","39.8","299","24.3","17.5","有","","有","","","","通信網路業","謝宏波","高健榮"
"194",="4128","中天","櫃","03/08","69.6","-1.6","-2.25","10","42.5","42.5","296","20.8","14.7","","","有","","","","生技醫療業","黃山內","黃山內"
"195",="6274","台燿","櫃","03/08","110","-1.5","-1.35","10","26.7","26.7","294","46.8","17.2","有","","有","有","","","電子零組件業","辛忠衡","陳加南"
"196",="3042","晶技","市","03/08","94.8","-1.2","-1.25","10","31","31","294","37.2","20","有","","有","","","","電子零組件業","林萬興","郭雅屏"
"197",="2849","安泰銀","市","03/08","14.85","0","0","10","196","196","291","28.1","21.4","","","","","有","","銀行業","丁予康","張振芳代理"
"198",="4174","浩鼎","櫃","03/08","144","-4.5","-3.03","10","19.9","19.9","287","18.9","6","","","","","","","生技醫療業","張念慈","張念慈"
"199",="2723","美食-KY","市","03/08","157.5","+1.5","+0.96","10","18","18","284","12.4","10.3","","","有","","","","觀光事業","吳政學","吳政學"
"200",="2634","漢翔","市","03/08","29.95","+0.2","+0.67","10","94.2","94.2","282","24.7","6.5","","","有","有","","","航運業","胡開宏","馬萬鈞"
"201",="2855","統一證","市","03/08","20.15","-0.25","-1.23","10","140","140","282","32.2","22.1","","","","","","","證券業","林寬成","蔡森部"
"202",="2451","創見","市","03/08","65","-0.2","-0.31","10","42.9","42.9","279","31.5","19.8","","","","","","","半導體業","束崇萬","洪完勳"
"203",="2439","美律","市","03/08","133","-2","-1.48","10","20.9","20.9","278","45.2","20.5","有","","有","有","","","通信網路業","廖祿立","黃朝豊"
"204",="4915","致伸","市","03/08","61.4","+0.7","+1.15","10","45.2","45.2","277","15","8.4","","","有","","","","電子零組件業","梁立省","梁立省"
"205",="9933","中鼎","市","03/08","36.3","-0.7","-1.89","10","76.3","76.3","277","41.9","27.8","","","","有","","","其他業","楊宗興","陳裕仁"
"206",="6510","精測","櫃","03/08","845","-18","-2.09","10","3.28","3.28","277","15.5","5","有","","有","","","","半導體業","林國豐","黃水可"
"207",="1304","台聚","市","03/08","23.25","+1.55","+7.14","10","119","119","276","55.8","48.8","","","有","","","","塑膠工業","吳亦圭","王克舜"
"208",="8415","大國鋼","櫃","03/08","26.35","-0.5","-1.86","10","103","103","272","13.7","4.5","","","","","","","鋼鐵工業","謝麗雲","謝榮坤"
"209",="2204","中華","市","03/08","49.05","0","0","10","55.4","55.4","272","51.7","30","","","","","","","汽車工業","嚴陳莉蓮","陳昭文"
"210",="2456","奇力新","市","03/08","104","-3","-2.8","10","25.8","25.5","266","48.5","19.4","","","有","有","","","電子零組件業","陳泰銘","郭耀井"
"211",="8150","南茂","市","03/08","36.7","-0.4","-1.08","10","72.7","72.7","267","23.6","6.9","","","有","","","","半導體業","鄭世杰","鄭世杰"
"212",="1707","葡萄王","市","03/08","178.5","0","0","10","14.8","14.8","264","49.9","38.2","有","","有","","有","","生技醫療業","曾盛麟","曾盛麟"
"213",="2104","國際中橡","市","03/08","26.45","+0.05","+0.19","10","98.5","98.5","260","47.7","34.7","","","有","","","","橡膠工業","辜公怡","黃柏松"
"214",="2014","中鴻","市","03/08","18.1","+0.25","+1.4","10","144","144","260","37.4","29","","","有","","","","鋼鐵工業","劉敏雄","曾貴松"
"215",="3680","家登","櫃","03/08","310","-8","-2.52","10","8.37","8.41","261","23","9.5","","","有","","","","半導體業","邱銘乾","林添瑞"
"216",="8436","大江","櫃","03/08","219","+6.5","+3.06","10","11.8","11.8","259","40.5","7.5","有","","有","有","","","生技醫療業","林詠翔","林詠翔"
"217",="1736","喬山","市","03/08","84.5","-0.7","-0.82","10","30.4","30.4","257","45.4","18.2","","","有","","","","生技醫療業","羅崑泉","羅光廷"
"218",="1723","中碳","市","03/08","108","+2","+1.89","10","23.7","23.7","256","32.1","22.3","","","","","","","化學工業","羅文驥","方明達"
"219",="1503","士電","市","03/08","48.95","+0.1","+0.2","10","52.1","52.1","255","65.3","51.2","","","","","","","電機機械","許育瑞","謝漢章"
"220",="9958","世紀鋼","市","03/08","110.5","-1.5","-1.34","10","23","21.1","233","33.4","13","","","有","有","","","鋼鐵工業","賴文祥","林明政"
"221",="3227","原相","櫃","03/08","178.5","+0.5","+0.28","10","14.2","14.2","253","22.7","14.8","有","","有","","","","半導體業","黃森煌","黃森煌"
"222",="3081","聯亞","櫃","03/08","276.5","-5.5","-1.95","10","9.14","9.14","253","23.8","5.6","有","","有","","","","通信網路業","張景溢","羅淇生"
"223",="8341","日友","市","03/08","226.5","-2","-0.88","10","11.2","11.2","253","26.3","6","","","","","","","其他業","張芳正","張芳正"
"224",="3228","金麗科","櫃","03/08","372","-8","-2.11","10","6.78","6.78","252","23.6","16","","","","","有","","半導體業","易建男","易建男"
"225",="1440","南紡","市","03/08","15.2","+0.55","+3.75","10","166","166","252","66","31.4","","","有","","","","紡織纖維","育鵬投資股份有限公司","王立範"
"226",="2023","燁輝","市","03/08","13.25","+0.25","+1.92","10","189","189","251","42.9","25.6","","","有","","","","鋼鐵工業","林義守","吳林茂"
"227",="8070","長華*","市","03/08","39.2","+0.05","+0.13","1","6.39","63.9","250","31.8","17.4","","","有","有","","","電子通路業","黃嘉能","黃俊勳"
"228",="2206","三陽工業","市","03/08","31.15","-0.15","-0.48","10","80.3","80.3","250","59.5","24.6","","","有","","","","汽車工業","吳清源","吳清源"
"229",="2231","為升","市","03/08","204.5","-17.5","-7.88","10","12.2","12.2","249","32.2","12","有","","有","","","","汽車工業","尤山泉","尤山泉"
"230",="1313","聯成","市","03/08","18.6","+0.45","+2.48","10","133","133","248","44.6","32","","","有","","","","塑膠工業","苗豐強","柯衣紹"
"231",="1513","中興電","市","03/08","51.9","+0.5","+0.97","10","47.6","42","218","64.9","27","","","有","有","","","電機機械","江義福","郭慧娟"
"232",="2548","華固","市","03/08","89.2","-0.4","-0.45","10","27.7","27.7","247","31.9","20.6","有","","有","有","","","建材營造業","鍾榮昌","洪嘉昇"
"233",="3376","新日興","市","03/08","128.5","+1.5","+1.18","10","19.2","19.2","246","52.7","15.2","有","","有","","","","電子零組件業","呂勝男","林清正"
"234",="3006","晶豪科","市","03/08","86.2","-0.8","-0.92","10","28.6","28.6","246","22.8","19","有","","有","","","","半導體業","陳興海","張明鑒"
"235",="4142","國光生","市","03/08","57","-1.6","-2.73","10","43","40.9","233","55.2","8.8","","","","有","","","生技醫療業","詹啟賢","留忠正"
"236",="3019","亞光","市","03/08","87","-1.1","-1.25","10","28.1","28.1","245","40.4","20.4","有","","有","","","","光電業","賴以仁","林泰朗"
"237",="9938","百和","市","03/08","81.8","-1.1","-1.33","10","29.8","29.8","244","36.1","20.2","有","","有","","","","其他業","鄭森煤","鄭誠禕"
"238",="5469","瀚宇博","市","03/08","46.05","-0.05","-0.11","10","52.8","52.8","243","32","20.1","","","有","","","","電子零組件業","焦佑衡","陶正國"
"239",="1507","永大","市","03/08","59","0","0","10","41.1","41.1","242","54.7","31.3","","","","","","","電機機械","許作名","蔡尚育"
"240",="5306","桂盟","櫃","03/08","192","-2","-1.03","10","12.6","12.6","242","31.9","25.2","","","有","","","","其他業","吳盈進","吳瑞章"
"241",="1409","新纖","市","03/08","14.85","+0.4","+2.77","10","162","162","240","53.9","47.5","","","有","","","","紡織纖維","吳東昇","羅時銓"
"242",="2428","興勤","市","03/08","186.5","-1.5","-0.8","10","12.8","12.8","239","41.6","20.5","","","有","","","","電子零組件業","隋台中","何益盛"
"243",="6146","耕興","櫃","03/08","258.5","+2.5","+0.98","10","9.24","9.24","239","23.9","19.1","","","有","有","","","其他電子業","黃文亮","黃文亮"
"244",="5534","長虹","市","03/08","82.1","-0.5","-0.61","10","29","29","238","45.3","19","有","","有","有","","","建材營造業","李文造","李耀中"
"245",="2103","台橡","市","03/08","28.65","-0.05","-0.17","10","82.6","82.6","237","47.3","38.5","","","有","","","","橡膠工業","殷琪","蔡偉強"
"246",="8016","矽創","市","03/08","196.5","-3.5","-1.75","10","12","12","236","28.7","17.2","","","有","","","","半導體業","毛穎文","王崴"
"247",="2392","正崴","市","03/08","45.85","-0.4","-0.86","10","51.2","51.2","235","34.7","21.5","有","","有","有","","","電子零組件業","郭台強","郭台強"
"248",="1312","國喬","市","03/08","25.65","+1.8","+7.55","10","92.7","90.7","233","47.5","32.2","有","","有","","","有","塑膠工業","楊品正","曾嘉雄"
"249",="6214","精誠","市","03/08","86.1","-0.1","-0.12","10","26.9","26.9","232","24.2","18.2","有","","有","","","","資訊服務業","林隆奮","林隆奮"
"250",="2388","威盛","市","03/08","46.95","-1.45","-3","10","49.3","49.3","232","28.5","22","","","","","有","","半導體業","陳文琦","陳文琦"
"251",="6548","長科*","櫃","03/08","63.4","-1.2","-1.86","1","3.64","36.4","231","11.2","4.5","","","有","","","","半導體業","黃嘉能","洪全成"
"252",="1785","光洋科","櫃","03/08","46.25","+0.55","+1.2","10","49.8","59.2","274","42.5","16.1","","","","","有","","其他電子業","馬堅勇","黃啟峰"
"253",="2498","宏達電","市","03/08","28.1","-0.45","-1.58","10","81.9","81.9","230","23.8","19","有","有","有","","","","通信網路業","王雪紅","王雪紅"
"254",="3138","耀登","市","03/08","491.5","+25.5","+5.47","10","4.67","4.67","230","31.1","0.2","","","","","","","通信網路業","張玉斌","張玉斌"
"255",="6491","晶碩","市","03/08","327","+20","+6.51","10","7","7","229","11.5","1.4","","","有","","","","生技醫療業","童子賢","楊德勝"
"256",="6414","樺漢","市","03/08","233.5","-5.5","-2.3","10","9.68","9.68","226","21.7","6.9","有","","有","","","","電腦及週邊設備業","朱復銓","蔡能吉"
"257",="8926","台汽電","市","03/08","38.35","0","0","10","58.9","58.9","226","28.8","20.8","","","有","","","","油電燃氣業","張明杰","余廣勛"
"258",="1808","潤隆","市","03/08","60.8","-0.4","-0.65","10","37","37","225","44.2","26.4","","","","有","","","建材營造業","蔡聰賓","蔡聰賓"
"259",="2501","國建","市","03/08","19.4","-0.05","-0.26","10","116","116","225","56.3","53.4","","","","","","","建材營造業","張清櫆","李虹明"
"260",="3017","奇鋐","市","03/08","63.2","-0.5","-0.78","10","35.3","35.3","223","29.2","18.4","","","有","","","","電腦及週邊設備業","沈慶行","沈慶行"
"261",="3312","弘憶股","市","03/08","17.7","-0.25","-1.39","10","12.5","12.5","22.1","25.4","15.3","","","","","","","電子通路業","葉佳紋","劉彥輝"
"262",="1232","大統益","市","03/08","137.5","+3","+2.23","10","16","16","220","38.8","25.1","","","","","","","食品工業","羅智先","陳昭良"
"263",="9940","信義","市","03/08","29.8","-0.15","-0.5","10","73.7","73.7","220","34.1","21.3","","","","有","","","其他業","薛健平","劉元智"
"264",="3552","同致","櫃","03/08","256","-25","-8.9","10","8.56","8.56","219","41.3","12.2","有","","有","","","","其他電子業","陳信忠","陳信忠"
"265",="6561","是方","櫃","03/08","308","+8.5","+2.84","10","7.02","7.05","217","30.1","2.8","","","有","","","","通信網路業","吳彥宏","劉耀元"
"266",="5434","崇越","市","03/08","119","-0.5","-0.42","10","18.2","18.2","216","31.1","20.8","","","有","","","","電子通路業","潘重良","曾海華及李正榮"
"267",="2328","廣宇","市","03/08","41.7","-1.9","-4.36","10","51.8","51.8","216","49.8","27.3","有","","有","","","","電子零組件業","盧松發","盧松發"
"268",="6257","矽格","市","03/08","50.1","-0.2","-0.4","10","43","42.2","211","32.2","17.5","有","","有","有","","","半導體業","黃興陽","葉燦鍊"
"269",="5530","龍巖","櫃","03/08","51.3","-0.2","-0.39","10","42","42","216","34","20.4","","","","","有","","其他業","KELLY LEE","王群中"
"270",="6182","合晶","櫃","03/08","41.6","+0.75","+1.84","10","51.1","51.1","213","23.6","18.8","有","","有","有","","","半導體業","焦平海","焦平海"
"271",="3264","欣銓","櫃","03/08","43.3","-0.6","-1.37","10","49","49","212","21.4","16.2","有","","有","有","","","半導體業","盧志遠","張季明"
"272",="1319","東陽","市","03/08","35.85","-0.2","-0.55","10","59.1","59.1","212","53.4","26.2","有","","","","","","汽車工業","吳永豐","吳永祥"
"273",="6712","長聖","櫃","03/08","343","+26.5","+8.37","10","6.16","6.16","211","4.3","0.2","","","","","","","生技醫療業","劉銖淇","黃文良"
"274",="2867","三商壽","市","03/08","8.44","+0.02","+0.24","10","250","250","211","27.7","8.2","","","","有","","","保險業","陳翔玠","張鎮坤"
"275",="2637","慧洋-KY","市","03/08","28","+0.1","+0.36","10","74.6","74.6","209","12.4","10.3","","","有","有","","","航運業","藍俊昇","鄭俊聲"
"276",="2373","震旦行","市","03/08","88.3","+0.3","+0.34","10","23.6","23.6","209","57.6","29.6","","","","","","","其他電子業","袁蕙華","周銘中"
"277",="2820","華票","市","03/08","15.35","+0.05","+0.33","10","134","134","206","42.3","26.4","","","","","","","銀行業","吳正慶","魏政祥"
"278",="6541","泰福-KY","市","03/08","65.9","-0.1","-0.15","10","31.2","31.2","205","7.8","3.4","","","","","","","生技醫療業","趙宇天","陳林正"
"279",="2362","藍天","市","03/08","30.35","0","0","10","67","67","203","37.4","23.9","","","","有","","","電腦及週邊設備業","許崑泰","蔡明賢"
"280",="3673","TPK-KY","市","03/08","49.85","+0.7","+1.42","10","40.7","40.7","203","15.3","10.4","有","","有","有","","","光電業","江朝瑞","謝立群"
"281",="3545","敦泰","市","03/08","96.1","-3.1","-3.13","10","21","21","202","15.2","13.7","","","有","有","","","半導體業","胡正大","胡正大"
"282",="2608","嘉里大榮","市","03/08","43.15","-0.1","-0.23","10","46.7","46.7","202","61.2","30.2","","","","","","","航運業","沈宗桂","營運總處：張國典; 財務暨行政總處：阮慧雯"
"283",="1789","神隆","市","03/08","25.45","-0.15","-0.59","10","79.1","79.1","201","23.3","9.4","","","有","","","","生技醫療業","羅智先","蘇崇銘"
"284",="1215","卜蜂","市","03/08","74.9","+1.3","+1.77","10","26.8","26.8","201","43.5","33.6","","","有","","","","食品工業","鄭武樾","許瑞通"
"285",="5371","中光電","櫃","03/08","46.2","-0.8","-1.7","10","43.4","43.4","201","28.7","22.1","有","","有","","","","光電業","張威儀","林惠姿 陳士元"
"286",="6196","帆宣","市","03/08","107","-3","-2.73","10","18.7","18.7","200","32.2","18.4","","","有","","","","其他電子業","高新明","林育業"
"287",="9802","鈺齊-KY","市","03/08","106","-1.5","-1.4","10","18.6","18.5","197","11.3","8.4","","","有","有","","","其他業","林文智","廖芳祝"
"288",="4147","中裕","櫃","03/08","78","-2.2","-2.74","10","25.2","25.2","197","13.5","5.3","","","","","","","生技醫療業","張念原","張念原"
"289",="6153","嘉聯益","市","03/08","35","+0.15","+0.43","10","55.6","55.6","195","28.3","19.1","有","","有","","有","","電子零組件業","蔡長穎","李華全"
"290",="3596","智易","市","03/08","92.9","-1.1","-1.17","10","20.8","20.8","194","17.8","12","","","有","有","","","通信網路業","陳瑞聰","曾釗鵬"
"291",="1773","勝一","市","03/08","107.5","0","0","10","18","18","194","42.1","12","","","有","","","","化學工業","孫靜源","孫靜源"
"292",="4551","智伸科","市","03/08","176.5","-2.5","-1.4","10","11","10.6","187","34.1","5.6","","","有","有","","","汽車工業","林正盛","林恩道"
"293",="6533","晶心科","市","03/08","452.5","-12.5","-2.69","10","4.27","4.27","193","16","4","","","","","","","半導體業","蔡明介","蘇泓萌"
"294",="2393","億光","市","03/08","43.4","-0.35","-0.8","10","44.3","44.3","192","37.8","21.3","有","","有","有","","","光電業","葉寅夫","葉寅夫"
"295",="4766","南寶","市","03/08","159","-0.5","-0.31","10","12.1","12.1","192","57.4","2.3","","","","","","","化學工業","吳政賢","許明現"
"296",="9939","宏全","市","03/08","66.5","+1.8","+2.78","10","28.8","28.8","191","51.6","20","有","","有","有","","","其他業","戴宏全","曹世忠"
"297",="6202","盛群","市","03/08","84.1","-1.1","-1.29","10","22.6","22.6","190","22.4","18.3","","","有","","","","半導體業","吳啟勇","高國棟"
"298",="2247","汎德永業","市","03/08","235.5","0","0","10","8.07","8.07","190","41.3","0.4","","","","","","","汽車工業","唐慕蓮","杜黃旭"
"299",="3324","雙鴻","櫃","03/08","215.5","-2","-0.92","10","8.81","8.84","190","22.5","15.8","有","","有","有","","","其他電子業","林育申","林育申"
"300",="4576","大銀微系統","市","03/08","160","-8","-4.76","10","11.9","11.9","190","23.9","1.5","","","有","","","","電機機械","卓永財","絲國一"
